date,repository,views,unique_visitors,clones,unique_cloners
2026-07-10,autoblog-template,0,0,0,0
2026-07-10,carousel-story-engine,0,0,0,0
2026-07-10,notchagent,0,0,0,0
2026-07-11,autoblog-template,0,0,0,0
2026-07-11,carousel-story-engine,0,0,0,0
2026-07-11,notchagent,0,0,0,0
2026-07-11,RocketLabs,0,0,0,0
2026-07-11,social-machine-for-all,0,0,0,0
2026-07-12,autoblog-template,0,0,1,1
2026-07-12,carousel-story-engine,0,0,0,0
2026-07-12,notchagent,0,0,0,0
2026-07-12,RocketLabs,0,0,0,0
2026-07-12,social-machine-for-all,0,0,0,0
2026-07-13,autoblog-template,0,0,0,0
2026-07-13,carousel-story-engine,0,0,0,0
2026-07-13,notchagent,0,0,0,0
2026-07-13,RocketLabs,0,0,0,0
2026-07-13,social-machine-for-all,0,0,0,0
2026-07-14,autoblog-template,0,0,0,0
2026-07-14,carousel-story-engine,0,0,0,0
2026-07-14,notchagent,8,6,61,36
2026-07-14,RocketLabs,0,0,0,0
2026-07-14,social-machine-for-all,0,0,0,0
2026-07-15,autoblog-template,0,0,0,0
2026-07-15,carousel-story-engine,0,0,0,0
2026-07-15,notchagent,4,3,34,22
2026-07-15,RocketLabs,0,0,0,0
2026-07-15,social-machine-for-all,0,0,0,0
2026-07-16,autoblog-template,0,0,0,0
2026-07-16,carousel-story-engine,1,1,27,17
2026-07-16,notchagent,3,2,1,1
2026-07-16,RocketLabs,0,0,0,0
2026-07-16,social-machine-for-all,0,0,0,0
2026-07-17,autoblog-template,0,0,0,0
2026-07-17,carousel-story-engine,0,0,2,2
2026-07-17,notchagent,0,0,1,1
2026-07-17,RocketLabs,0,0,0,0
2026-07-17,social-machine-for-all,0,0,0,0
2026-07-18,autoblog-template,0,0,1,1
2026-07-18,carousel-story-engine,0,0,0,0
2026-07-18,notchagent,1,1,7,6
2026-07-18,RocketLabs,0,0,0,0
2026-07-18,social-machine-for-all,0,0,0,0
2026-07-19,autoblog-template,0,0,0,0
2026-07-19,carousel-story-engine,0,0,0,0
2026-07-19,notchagent,0,0,0,0
2026-07-19,RocketLabs,0,0,0,0
2026-07-19,social-machine-for-all,0,0,0,0
2026-07-20,autoblog-template,0,0,0,0
2026-07-20,carousel-story-engine,0,0,0,0
2026-07-20,notchagent,0,0,0,0
2026-07-20,RocketLabs,0,0,0,0
2026-07-20,social-machine-for-all,0,0,0,0
2026-07-21,autoblog-template,0,0,0,0
2026-07-21,carousel-story-engine,0,0,1,1
2026-07-21,notchagent,0,0,0,0
2026-07-21,RocketLabs,0,0,0,0
2026-07-21,social-machine-for-all,0,0,0,0
2026-07-22,autoblog-template,0,0,0,0
2026-07-22,carousel-story-engine,0,0,0,0
2026-07-22,notchagent,0,0,4,3
2026-07-22,RocketLabs,0,0,0,0
2026-07-22,social-machine-for-all,0,0,0,0
2026-07-23,autoblog-template,0,0,0,0
2026-07-23,carousel-story-engine,2,1,0,0
2026-07-23,notchagent,1,1,2,2
2026-07-23,RocketLabs,0,0,0,0
2026-07-23,social-machine-for-all,0,0,0,0
2026-07-24,RocketLabs,0,0,0,0
2026-07-24,social-machine-for-all,0,0,0,0
